"lastUpdate","description","srcurl_web","srcurl_pdf","srcurl_pdf_archived","url_csv","url_json"
"2020-03-18","新型コロナウイルス感染症（国内事例）の状況（累積）（無症状病原体保有者を除く）（単位：人）","https://www.mhlw.go.jp/stf/seisakunitsuite/bunya/0000164708_00001.html","https://www.mhlw.go.jp/content/10900000/000610352.pdf","https://www.stopcovid19.jp/data/covid19japan/000610352.pdf","https://www.stopcovid19.jp/data/covid19japan/2020-03-18.csv","https://www.stopcovid19.jp/data/covid19japan/000610352.pdf.json"
"2020-03-19","新型コロナウイルス感染症（国内事例）の状況（累積）（無症状病原体保有者を除く）（単位：人）","https://www.mhlw.go.jp/stf/seisakunitsuite/bunya/0000164708_00001.html","https://www.mhlw.go.jp/content/10900000/000610659.pdf","https://www.stopcovid19.jp/data/covid19japan/000610659.pdf","https://www.stopcovid19.jp/data/covid19japan/2020-03-19.csv","https://www.stopcovid19.jp/data/covid19japan/000610659.pdf.json"
"2020-03-20","新型コロナウイルス感染症（国内事例）の状況（累積）（無症状病原体保有者を除く）（単位：人）","https://www.mhlw.go.jp/stf/seisakunitsuite/bunya/0000164708_00001.html","https://www.mhlw.go.jp/content/10906000/000610713.pdf","https://www.stopcovid19.jp/data/covid19japan/000610713.pdf","https://www.stopcovid19.jp/data/covid19japan/2020-03-20.csv","https://www.stopcovid19.jp/data/covid19japan/000610713.pdf.json"
"2020-03-21","新型コロナウイルス感染症（国内事例）の状況（累積）（無症状病原体保有者を除く）（単位：人）","https://www.mhlw.go.jp/stf/seisakunitsuite/bunya/0000164708_00001.html","https://www.mhlw.go.jp/content/10906000/000610761.pdf","https://www.stopcovid19.jp/data/covid19japan/000610761.pdf","https://www.stopcovid19.jp/data/covid19japan/2020-03-21.csv","https://www.stopcovid19.jp/data/covid19japan/000610761.pdf.json"
"2020-03-22","新型コロナウイルス感染症（国内事例）の状況（累積）（無症状病原体保有者を除く）（単位：人）","https://www.mhlw.go.jp/stf/seisakunitsuite/bunya/0000164708_00001.html","https://www.mhlw.go.jp/content/10906000/000611435.pdf","https://www.stopcovid19.jp/data/covid19japan/000611435.pdf","https://www.stopcovid19.jp/data/covid19japan/2020-03-22.csv","https://www.stopcovid19.jp/data/covid19japan/000611435.pdf.json"
"2020-03-23","新型コロナウイルス感染症（国内事例）の状況（累積）（無症状病原体保有者を除く）（単位：人）","https://www.mhlw.go.jp/stf/seisakunitsuite/bunya/0000164708_00001.html","https://www.mhlw.go.jp/content/10900000/000612030.pdf","https://www.stopcovid19.jp/data/covid19japan/000612030.pdf","https://www.stopcovid19.jp/data/covid19japan/2020-03-23.csv","https://www.stopcovid19.jp/data/covid19japan/000612030.pdf.json"
"2020-03-24","新型コロナウイルス感染症（国内事例）の状況（累積）（無症状病原体保有者を除く）（単位：人）","https://www.mhlw.go.jp/stf/seisakunitsuite/bunya/0000164708_00001.html","https://www.mhlw.go.jp/content/10900000/000612818.pdf","https://www.stopcovid19.jp/data/covid19japan/000612818.pdf","https://www.stopcovid19.jp/data/covid19japan/2020-03-24.csv","https://www.stopcovid19.jp/data/covid19japan/000612818.pdf.json"
"2020-03-25","新型コロナウイルス感染症（国内事例）の状況（累積）（無症状病原体保有者を除く）（単位：人）","https://www.mhlw.go.jp/stf/seisakunitsuite/bunya/0000164708_00001.html","https://www.mhlw.go.jp/content/10900000/000613659.pdf","https://www.stopcovid19.jp/data/covid19japan/000613659.pdf","https://www.stopcovid19.jp/data/covid19japan/2020-03-25.csv","https://www.stopcovid19.jp/data/covid19japan/000613659.pdf.json"
"2020-03-26","新型コロナウイルス感染症（国内事例）の状況（累積）（無症状病原体保有者を除く）（単位：人）","https://www.mhlw.go.jp/stf/seisakunitsuite/bunya/0000164708_00001.html","https://www.mhlw.go.jp/content/10906000/000620403.pdf","https://www.stopcovid19.jp/data/covid19japan/000620403.pdf","https://www.stopcovid19.jp/data/covid19japan/2020-03-26.csv","https://www.stopcovid19.jp/data/covid19japan/000620403.pdf.json"
"2020-03-27","新型コロナウイルス感染症（国内事例）の状況（累積）（無症状病原体保有者を除く）（単位：人）","https://www.mhlw.go.jp/stf/seisakunitsuite/bunya/0000164708_00001.html","https://www.mhlw.go.jp/content/10906000/000614789.pdf","https://www.stopcovid19.jp/data/covid19japan/000614789.pdf","https://www.stopcovid19.jp/data/covid19japan/2020-03-27.csv","https://www.stopcovid19.jp/data/covid19japan/000614789.pdf.json"
"2020-03-28","新型コロナウイルス感染症（国内事例）の状況（累積）（無症状病原体保有者を除く）（単位：人）","https://www.mhlw.go.jp/stf/seisakunitsuite/bunya/0000164708_00001.html","https://www.mhlw.go.jp/content/10906000/000615053.pdf","https://www.stopcovid19.jp/data/covid19japan/000615053.pdf","https://www.stopcovid19.jp/data/covid19japan/2020-03-28.csv","https://www.stopcovid19.jp/data/covid19japan/000615053.pdf.json"
"2020-03-29","新型コロナウイルス感染症（国内事例）の状況（累積）（単位：人）","https://www.mhlw.go.jp/stf/seisakunitsuite/bunya/0000164708_00001.html","https://www.mhlw.go.jp/content/10906000/000615918.pdf","https://www.stopcovid19.jp/data/covid19japan/000615918.pdf","https://www.stopcovid19.jp/data/covid19japan/2020-03-29.csv","https://www.stopcovid19.jp/data/covid19japan/000615918.pdf.json"
"2020-03-30","新型コロナウイルス感染症（国内事例）の状況（PCR検査陽性者数の累積）（単位：人）","https://www.mhlw.go.jp/stf/seisakunitsuite/bunya/0000164708_00001.html","https://www.mhlw.go.jp/content/10906000/000617076.pdf","https://www.stopcovid19.jp/data/covid19japan/000617076.pdf","https://www.stopcovid19.jp/data/covid19japan/2020-03-30.csv","https://www.stopcovid19.jp/data/covid19japan/000617076.pdf.json"
"2020-03-31","新型コロナウイルス感染症（国内事例）の状況（PCR検査陽性者数の累積）（単位：人）","https://www.mhlw.go.jp/stf/seisakunitsuite/bunya/0000164708_00001.html","https://www.mhlw.go.jp/content/10906000/000617888.pdf","https://www.stopcovid19.jp/data/covid19japan/000617888.pdf","https://www.stopcovid19.jp/data/covid19japan/2020-03-31.csv","https://www.stopcovid19.jp/data/covid19japan/000617888.pdf.json"
"2020-04-01","新型コロナウイルス感染症（国内事例）の状況（PCR検査陽性者数の累積）（単位：人）","https://www.mhlw.go.jp/stf/seisakunitsuite/bunya/0000164708_00001.html","https://www.mhlw.go.jp/content/10906000/000618476.pdf","https://www.stopcovid19.jp/data/covid19japan/000618476.pdf","https://www.stopcovid19.jp/data/covid19japan/2020-04-01.csv","https://www.stopcovid19.jp/data/covid19japan/000618476.pdf.json"
"2020-04-02","新型コロナウイルス感染症（国内事例）の状況（PCR検査陽性者数の累積）（単位：人）","https://www.mhlw.go.jp/stf/seisakunitsuite/bunya/0000164708_00001.html","https://www.mhlw.go.jp/content/10906000/000618787.pdf","https://www.stopcovid19.jp/data/covid19japan/000618787.pdf","https://www.stopcovid19.jp/data/covid19japan/2020-04-02.csv","https://www.stopcovid19.jp/data/covid19japan/000618787.pdf.json"
"2020-04-03","新型コロナウイルス感染症（国内事例）の状況（PCR検査陽性者数の累積）（単位：人）","https://www.mhlw.go.jp/stf/seisakunitsuite/bunya/0000164708_00001.html","https://www.mhlw.go.jp/content/10906000/000618979.pdf","https://www.stopcovid19.jp/data/covid19japan/000618979.pdf","https://www.stopcovid19.jp/data/covid19japan/2020-04-03.csv","https://www.stopcovid19.jp/data/covid19japan/000618979.pdf.json"
"2020-04-04","新型コロナウイルス感染症（国内事例）の状況（PCR検査陽性者数の累積）（単位：人）","https://www.mhlw.go.jp/stf/seisakunitsuite/bunya/0000164708_00001.html","https://www.mhlw.go.jp/content/10900000/000619086.pdf","https://www.stopcovid19.jp/data/covid19japan/000619086.pdf","https://www.stopcovid19.jp/data/covid19japan/2020-04-04.csv","https://www.stopcovid19.jp/data/covid19japan/000619086.pdf.json"
"2020-04-05","新型コロナウイルス感染症（国内事例）の状況（PCR検査陽性者数の累積）（単位：人）","https://www.mhlw.go.jp/stf/seisakunitsuite/bunya/0000164708_00001.html","https://www.mhlw.go.jp/content/10906000/000619390.pdf","https://www.stopcovid19.jp/data/covid19japan/000619390.pdf","https://www.stopcovid19.jp/data/covid19japan/2020-04-05.csv","https://www.stopcovid19.jp/data/covid19japan/000619390.pdf.json"
"2020-04-06","新型コロナウイルス感染症（国内事例）の状況（PCR検査陽性者数の累積）（単位：人）","https://www.mhlw.go.jp/stf/seisakunitsuite/bunya/0000164708_00001.html","https://www.mhlw.go.jp/content/10906000/000619752.pdf","https://www.stopcovid19.jp/data/covid19japan/000619752.pdf","https://www.stopcovid19.jp/data/covid19japan/2020-04-06.csv","https://www.stopcovid19.jp/data/covid19japan/000619752.pdf.json"
"2020-04-07","新型コロナウイルス感染症（国内事例）の状況（PCR検査陽性者数の累積）（単位：人）","https://www.mhlw.go.jp/stf/seisakunitsuite/bunya/0000164708_00001.html","https://www.mhlw.go.jp/content/10906000/000620185.pdf","https://www.stopcovid19.jp/data/covid19japan/000620185.pdf","https://www.stopcovid19.jp/data/covid19japan/2020-04-07.csv","https://www.stopcovid19.jp/data/covid19japan/000620185.pdf.json"
"2020-04-08","新型コロナウイルス感染症（国内事例）の状況（PCR検査陽性者数の累積）（単位：人）","https://www.mhlw.go.jp/stf/seisakunitsuite/bunya/0000164708_00001.html","https://www.mhlw.go.jp/content/10906000/000620471.pdf","https://www.stopcovid19.jp/data/covid19japan/000620471.pdf","https://www.stopcovid19.jp/data/covid19japan/2020-04-08.csv","https://www.stopcovid19.jp/data/covid19japan/000620471.pdf.json"
"2020-04-09","新型コロナウイルス感染症（国内事例）の状況（PCR検査陽性者数の累積）（単位：人）","https://www.mhlw.go.jp/stf/seisakunitsuite/bunya/0000164708_00001.html","https://www.mhlw.go.jp/content/10900000/000620956.pdf","https://www.stopcovid19.jp/data/covid19japan/000620956.pdf","https://www.stopcovid19.jp/data/covid19japan/2020-04-09.csv","https://www.stopcovid19.jp/data/covid19japan/000620956.pdf.json"
"2020-04-10","新型コロナウイルス感染症（国内事例）の状況（PCR検査陽性者数の累積）（単位：人）","https://www.mhlw.go.jp/stf/seisakunitsuite/bunya/0000164708_00001.html","https://www.mhlw.go.jp/content/10906000/000621070.pdf","https://www.stopcovid19.jp/data/covid19japan/000621070.pdf","https://www.stopcovid19.jp/data/covid19japan/2020-04-10.csv","https://www.stopcovid19.jp/data/covid19japan/000621070.pdf.json"
"2020-04-11","※４月３日～４月10日の55例を含む。","https://www.mhlw.go.jp/stf/seisakunitsuite/bunya/0000164708_00001.html","https://www.mhlw.go.jp/content/10906000/000621111.pdf","https://www.stopcovid19.jp/data/covid19japan/000621111.pdf","https://www.stopcovid19.jp/data/covid19japan/2020-04-11.csv","https://www.stopcovid19.jp/data/covid19japan/000621111.pdf.json"
"2020-04-12","新型コロナウイルス感染症（国内事例）の状況（PCR検査陽性者数の累積）（単位：人）","https://www.mhlw.go.jp/stf/seisakunitsuite/bunya/0000164708_00001.html","https://www.mhlw.go.jp/content/10906000/000621407.pdf","https://www.stopcovid19.jp/data/covid19japan/000621407.pdf","https://www.stopcovid19.jp/data/covid19japan/2020-04-12.csv","https://www.stopcovid19.jp/data/covid19japan/000621407.pdf.json"
"2020-04-13","新型コロナウイルス感染症（国内事例）の状況（PCR検査陽性者数の累積）（単位：人）","https://www.mhlw.go.jp/stf/seisakunitsuite/bunya/0000164708_00001.html","https://www.mhlw.go.jp/content/10906000/000621708.pdf","https://www.stopcovid19.jp/data/covid19japan/000621708.pdf","https://www.stopcovid19.jp/data/covid19japan/2020-04-13.csv","https://www.stopcovid19.jp/data/covid19japan/000621708.pdf.json"
"2020-04-14","新型コロナウイルス感染症（国内事例）の状況（PCR検査陽性者数の累積）（単位：人）","https://www.mhlw.go.jp/stf/seisakunitsuite/bunya/0000164708_00001.html","https://www.mhlw.go.jp/content/10906000/000622034.pdf","https://www.stopcovid19.jp/data/covid19japan/000622034.pdf","https://www.stopcovid19.jp/data/covid19japan/2020-04-14.csv","https://www.stopcovid19.jp/data/covid19japan/000622034.pdf.json"
"2020-04-15","新型コロナウイルス感染症（国内事例）の状況（PCR検査陽性者数の累積）（単位：人）","https://www.mhlw.go.jp/stf/seisakunitsuite/bunya/0000164708_00001.html","https://www.mhlw.go.jp/content/10906000/000622362.pdf","https://www.stopcovid19.jp/data/covid19japan/000622362.pdf","https://www.stopcovid19.jp/data/covid19japan/2020-04-15.csv","https://www.stopcovid19.jp/data/covid19japan/000622362.pdf.json"
"2020-04-16","新型コロナウイルス感染症（国内事例）の状況（PCR検査陽性者数の累積）（単位：人）","https://www.mhlw.go.jp/stf/seisakunitsuite/bunya/0000164708_00001.html","https://www.mhlw.go.jp/content/10906000/000622728.pdf","https://www.stopcovid19.jp/data/covid19japan/000622728.pdf","https://www.stopcovid19.jp/data/covid19japan/2020-04-16.csv","https://www.stopcovid19.jp/data/covid19japan/000622728.pdf.json"
"2020-04-17","新型コロナウイルス感染症（国内事例）の状況（PCR検査陽性者数の累積）（単位：人）","https://www.mhlw.go.jp/stf/seisakunitsuite/bunya/0000164708_00001.html","https://www.mhlw.go.jp/content/10906000/000622835.pdf","https://www.stopcovid19.jp/data/covid19japan/000622835.pdf","https://www.stopcovid19.jp/data/covid19japan/2020-04-17.csv","https://www.stopcovid19.jp/data/covid19japan/000622835.pdf.json"
"2020-04-18","新型コロナウイルス感染症（国内事例）の状況（PCR検査陽性者数の累積）（単位：人）","https://www.mhlw.go.jp/stf/seisakunitsuite/bunya/0000164708_00001.html","https://www.mhlw.go.jp/content/10900000/000622869.pdf","https://www.stopcovid19.jp/data/covid19japan/000622869.pdf","https://www.stopcovid19.jp/data/covid19japan/2020-04-18.csv","https://www.stopcovid19.jp/data/covid19japan/000622869.pdf.json"
"2020-04-19","新型コロナウイルス感染症（国内事例）の状況（PCR検査陽性者数の累積）（単位：人）","https://www.mhlw.go.jp/stf/seisakunitsuite/bunya/0000164708_00001.html","https://www.mhlw.go.jp/content/10906000/000623120.pdf","https://www.stopcovid19.jp/data/covid19japan/000623120.pdf","https://www.stopcovid19.jp/data/covid19japan/2020-04-19.csv","https://www.stopcovid19.jp/data/covid19japan/000623120.pdf.json"
"2020-04-20","新型コロナウイルス感染症（国内事例）の状況（PCR検査陽性者数の累積）（単位：人）","https://www.mhlw.go.jp/stf/seisakunitsuite/bunya/0000164708_00001.html","https://www.mhlw.go.jp/content/10906000/000623669.pdf","https://www.stopcovid19.jp/data/covid19japan/000623669.pdf","https://www.stopcovid19.jp/data/covid19japan/2020-04-20.csv","https://www.stopcovid19.jp/data/covid19japan/000623669.pdf.json"
"2020-04-21","新型コロナウイルス感染症（国内事例）の状況（PCR検査陽性者数の累積）（単位：人）","https://www.mhlw.go.jp/stf/seisakunitsuite/bunya/0000164708_00001.html","https://www.mhlw.go.jp/content/10906000/000624002.pdf","https://www.stopcovid19.jp/data/covid19japan/000624002.pdf","https://www.stopcovid19.jp/data/covid19japan/2020-04-21.csv","https://www.stopcovid19.jp/data/covid19japan/000624002.pdf.json"
"2020-04-22","新型コロナウイルス感染症（国内事例）の状況（PCR検査陽性者数の累積）（単位：人）","https://www.mhlw.go.jp/stf/seisakunitsuite/bunya/0000164708_00001.html","https://www.mhlw.go.jp/content/10906000/000624762.pdf","https://www.stopcovid19.jp/data/covid19japan/000624762.pdf","https://www.stopcovid19.jp/data/covid19japan/2020-04-22.csv","https://www.stopcovid19.jp/data/covid19japan/000624762.pdf.json"
"2020-04-23","うち現在は入院等 うち退院 うち死亡","https://www.mhlw.go.jp/stf/seisakunitsuite/bunya/0000164708_00001.html","https://www.mhlw.go.jp/content/10906000/000624953.pdf","https://www.stopcovid19.jp/data/covid19japan/000624953.pdf","https://www.stopcovid19.jp/data/covid19japan/2020-04-23.csv","https://www.stopcovid19.jp/data/covid19japan/000624953.pdf.json"
"2020-04-24","※退院した者のうち1,012名、死亡者のうち","https://www.mhlw.go.jp/stf/seisakunitsuite/bunya/0000164708_00001.html","https://www.mhlw.go.jp/content/10906000/000625183.pdf","https://www.stopcovid19.jp/data/covid19japan/000625183.pdf","https://www.stopcovid19.jp/data/covid19japan/2020-04-24.csv","https://www.stopcovid19.jp/data/covid19japan/000625183.pdf.json"
"2020-04-25","※退院した者のうち1,064名、死亡者のうち","https://www.mhlw.go.jp/stf/seisakunitsuite/bunya/0000164708_00001.html","https://www.mhlw.go.jp/content/10906000/000625313.pdf","https://www.stopcovid19.jp/data/covid19japan/000625313.pdf","https://www.stopcovid19.jp/data/covid19japan/2020-04-25.csv","https://www.stopcovid19.jp/data/covid19japan/000625313.pdf.json"
"2020-04-26","※退院した者のうち1,084名、死亡者のうち","https://www.mhlw.go.jp/stf/seisakunitsuite/bunya/0000164708_00001.html","https://www.mhlw.go.jp/content/10906000/000625627.pdf","https://www.stopcovid19.jp/data/covid19japan/000625627.pdf","https://www.stopcovid19.jp/data/covid19japan/2020-04-26.csv","https://www.stopcovid19.jp/data/covid19japan/000625627.pdf.json"
"2020-04-27","※退院した者のうち1,267名、死亡者のうち","https://www.mhlw.go.jp/stf/seisakunitsuite/bunya/0000164708_00001.html","https://www.mhlw.go.jp/content/10906000/000625974.pdf","https://www.stopcovid19.jp/data/covid19japan/000625974.pdf","https://www.stopcovid19.jp/data/covid19japan/2020-04-27.csv","https://www.stopcovid19.jp/data/covid19japan/000625974.pdf.json"
"2020-04-28","※退院した者のうち1,366名、死亡者のうち","https://www.mhlw.go.jp/stf/seisakunitsuite/bunya/0000164708_00001.html","https://www.mhlw.go.jp/content/10906000/000626141.pdf","https://www.stopcovid19.jp/data/covid19japan/000626141.pdf","https://www.stopcovid19.jp/data/covid19japan/2020-04-28.csv","https://www.stopcovid19.jp/data/covid19japan/000626141.pdf.json"
"2020-04-29","※退院した者のうち1,393名、死亡者のうち","https://www.mhlw.go.jp/stf/seisakunitsuite/bunya/0000164708_00001.html","https://www.mhlw.go.jp/content/10906000/000626518.pdf","https://www.stopcovid19.jp/data/covid19japan/000626518.pdf","https://www.stopcovid19.jp/data/covid19japan/2020-04-29.csv","https://www.stopcovid19.jp/data/covid19japan/000626518.pdf.json"
"2020-04-30","※退院した者のうち1,574名、死亡者のうち","https://www.mhlw.go.jp/stf/seisakunitsuite/bunya/0000164708_00001.html","https://www.mhlw.go.jp/content/10906000/000627230.pdf","https://www.stopcovid19.jp/data/covid19japan/000627230.pdf","https://www.stopcovid19.jp/data/covid19japan/2020-04-30.csv","https://www.stopcovid19.jp/data/covid19japan/000627230.pdf.json"
"2020-05-01","※退院した者のうち1,683名、死亡者のうち","https://www.mhlw.go.jp/stf/seisakunitsuite/bunya/0000164708_00001.html","https://www.mhlw.go.jp/content/10906000/000627448.pdf","https://www.stopcovid19.jp/data/covid19japan/000627448.pdf","https://www.stopcovid19.jp/data/covid19japan/2020-05-01.csv","https://www.stopcovid19.jp/data/covid19japan/000627448.pdf.json"
"2020-05-02","※退院した者のうち1,742名、死亡者のうち","https://www.mhlw.go.jp/stf/seisakunitsuite/bunya/0000164708_00001.html","https://www.mhlw.go.jp/content/10906000/000627489.pdf","https://www.stopcovid19.jp/data/covid19japan/000627489.pdf","https://www.stopcovid19.jp/data/covid19japan/2020-05-02.csv","https://www.stopcovid19.jp/data/covid19japan/000627489.pdf.json"
"2020-05-03","※退院した者のうち1,762名、死亡者のうち","https://www.mhlw.go.jp/stf/seisakunitsuite/bunya/0000164708_00001.html","https://www.mhlw.go.jp/content/10906000/000627542.pdf","https://www.stopcovid19.jp/data/covid19japan/000627542.pdf","https://www.stopcovid19.jp/data/covid19japan/2020-05-03.csv","https://www.stopcovid19.jp/data/covid19japan/000627542.pdf.json"
"2020-05-04","※退院した者のうち1,803名、死亡者のうち","https://www.mhlw.go.jp/stf/seisakunitsuite/bunya/0000164708_00001.html","https://www.mhlw.go.jp/content/10900000/000627597.pdf","https://www.stopcovid19.jp/data/covid19japan/000627597.pdf","https://www.stopcovid19.jp/data/covid19japan/2020-05-04.csv","https://www.stopcovid19.jp/data/covid19japan/000627597.pdf.json"
"2020-05-05","※退院した者のうち1,824名、死亡者のうち","https://www.mhlw.go.jp/stf/seisakunitsuite/bunya/0000164708_00001.html","https://www.mhlw.go.jp/content/10906000/000627630.pdf","https://www.stopcovid19.jp/data/covid19japan/000627630.pdf","https://www.stopcovid19.jp/data/covid19japan/2020-05-05.csv","https://www.stopcovid19.jp/data/covid19japan/000627630.pdf.json"
"2020-05-06","※退院した者のうち1,857名、死亡者のうち","https://www.mhlw.go.jp/stf/seisakunitsuite/bunya/0000164708_00001.html","https://www.mhlw.go.jp/content/10906000/000627951.pdf","https://www.stopcovid19.jp/data/covid19japan/000627951.pdf","https://www.stopcovid19.jp/data/covid19japan/2020-05-06.csv","https://www.stopcovid19.jp/data/covid19japan/000627951.pdf.json"
"2020-05-07","※退院した者のうち2,196名、死亡者のうち","https://www.mhlw.go.jp/stf/seisakunitsuite/bunya/0000164708_00001.html","https://www.mhlw.go.jp/content/10906000/000628511.pdf","https://www.stopcovid19.jp/data/covid19japan/000628511.pdf","https://www.stopcovid19.jp/data/covid19japan/2020-05-07.csv","https://www.stopcovid19.jp/data/covid19japan/000628511.pdf.json"
"2020-05-08","各都道府県の検査陽性者の状況(空港検疫、チャーター便案件を除く国内事例)","https://www.mhlw.go.jp/stf/seisakunitsuite/bunya/0000164708_00001.html","https://www.mhlw.go.jp/content/10906000/000628667.pdf","https://www.stopcovid19.jp/data/covid19japan/000628667.pdf","https://www.stopcovid19.jp/data/covid19japan/2020-05-08.csv","https://www.stopcovid19.jp/data/covid19japan/000628667.pdf.json"
"2020-05-09","各都道府県の検査陽性者の状況(空港検疫、チャーター便案件を除く国内事例)","https://www.mhlw.go.jp/stf/seisakunitsuite/bunya/0000164708_00001.html","https://www.mhlw.go.jp/content/10906000/000628697.pdf","https://www.stopcovid19.jp/data/covid19japan/000628697.pdf","https://www.stopcovid19.jp/data/covid19japan/2020-05-09.csv","https://www.stopcovid19.jp/data/covid19japan/000628697.pdf.json"
"2020-05-10","各都道府県の検査陽性者の状況(空港検疫、チャーター便案件を除く国内事例)","https://www.mhlw.go.jp/stf/seisakunitsuite/bunya/0000164708_00001.html","https://www.mhlw.go.jp/content/10906000/000628917.pdf","https://www.stopcovid19.jp/data/covid19japan/000628917.pdf","https://www.stopcovid19.jp/data/covid19japan/2020-05-10.csv","https://www.stopcovid19.jp/data/covid19japan/000628917.pdf.json"
"2020-05-11","各都道府県の検査陽性者の状況(空港検疫、チャーター便案件を除く国内事例)","https://www.mhlw.go.jp/stf/seisakunitsuite/bunya/0000164708_00001.html","https://www.mhlw.go.jp/content/10900000/000629701.pdf","https://www.stopcovid19.jp/data/covid19japan/000629701.pdf","https://www.stopcovid19.jp/data/covid19japan/2020-05-11.csv","https://www.stopcovid19.jp/data/covid19japan/000629701.pdf.json"
"2020-05-12","各都道府県の検査陽性者の状況(空港検疫、チャーター便案件を除く国内事例)","https://www.mhlw.go.jp/stf/seisakunitsuite/bunya/0000164708_00001.html","https://www.mhlw.go.jp/content/10906000/000630162.pdf","https://www.stopcovid19.jp/data/covid19japan/000630162.pdf","https://www.stopcovid19.jp/data/covid19japan/2020-05-12.csv","https://www.stopcovid19.jp/data/covid19japan/000630162.pdf.json"
"2020-05-13","各都道府県の検査陽性者の状況(空港検疫、チャーター便案件を除く国内事例)","https://www.mhlw.go.jp/stf/seisakunitsuite/bunya/0000164708_00001.html","https://www.mhlw.go.jp/content/10906000/000630627.pdf","https://www.stopcovid19.jp/data/covid19japan/000630627.pdf","https://www.stopcovid19.jp/data/covid19japan/2020-05-13.csv","https://www.stopcovid19.jp/data/covid19japan/000630627.pdf.json"
"2020-05-14","各都道府県の検査陽性者の状況(空港検疫、チャーター便案件を除く国内事例)","https://www.mhlw.go.jp/stf/seisakunitsuite/bunya/0000164708_00001.html","https://www.mhlw.go.jp/content/10900000/000630990.pdf","https://www.stopcovid19.jp/data/covid19japan/000630990.pdf","https://www.stopcovid19.jp/data/covid19japan/2020-05-14.csv","https://www.stopcovid19.jp/data/covid19japan/000630990.pdf.json"
"2020-05-15","各都道府県の検査陽性者の状況(空港検疫、チャーター便案件を除く国内事例)","https://www.mhlw.go.jp/stf/seisakunitsuite/bunya/0000164708_00001.html","https://www.mhlw.go.jp/content/10906000/000631063.pdf","https://www.stopcovid19.jp/data/covid19japan/000631063.pdf","https://www.stopcovid19.jp/data/covid19japan/2020-05-15.csv","https://www.stopcovid19.jp/data/covid19japan/000631063.pdf.json"
"2020-05-16","各都道府県の検査陽性者の状況(空港検疫、チャーター便案件を除く国内事例)","https://www.mhlw.go.jp/stf/seisakunitsuite/bunya/0000164708_00001.html","https://www.mhlw.go.jp/content/10906000/000631149.pdf","https://www.stopcovid19.jp/data/covid19japan/000631149.pdf","https://www.stopcovid19.jp/data/covid19japan/2020-05-16.csv","https://www.stopcovid19.jp/data/covid19japan/000631149.pdf.json"
"2020-05-17","各都道府県の検査陽性者の状況(空港検疫、チャーター便案件を除く国内事例)","https://www.mhlw.go.jp/stf/seisakunitsuite/bunya/0000164708_00001.html","https://www.mhlw.go.jp/content/10906000/000631432.pdf","https://www.stopcovid19.jp/data/covid19japan/000631432.pdf","https://www.stopcovid19.jp/data/covid19japan/2020-05-17.csv","https://www.stopcovid19.jp/data/covid19japan/000631432.pdf.json"
"2020-05-18","各都道府県の検査陽性者の状況(空港検疫、チャーター便案件を除く国内事例)","https://www.mhlw.go.jp/stf/seisakunitsuite/bunya/0000164708_00001.html","https://www.mhlw.go.jp/content/10906000/000631885.pdf","https://www.stopcovid19.jp/data/covid19japan/000631885.pdf","https://www.stopcovid19.jp/data/covid19japan/2020-05-18.csv","https://www.stopcovid19.jp/data/covid19japan/000631885.pdf.json"
"2020-05-19","各都道府県の検査陽性者の状況(空港検疫、チャーター便案件を除く国内事例)","https://www.mhlw.go.jp/stf/seisakunitsuite/bunya/0000164708_00001.html","https://www.mhlw.go.jp/content/10906000/000632235.pdf","https://www.stopcovid19.jp/data/covid19japan/000632235.pdf","https://www.stopcovid19.jp/data/covid19japan/2020-05-19.csv","https://www.stopcovid19.jp/data/covid19japan/000632235.pdf.json"
"2020-05-20","各都道府県の検査陽性者の状況(空港検疫、チャーター便案件を除く国内事例)","https://www.mhlw.go.jp/stf/seisakunitsuite/bunya/0000164708_00001.html","https://www.mhlw.go.jp/content/10906000/000632553.pdf","https://www.stopcovid19.jp/data/covid19japan/000632553.pdf","https://www.stopcovid19.jp/data/covid19japan/2020-05-20.csv","https://www.stopcovid19.jp/data/covid19japan/000632553.pdf.json"
"2020-05-21","各都道府県の検査陽性者の状況(空港検疫、チャーター便案件を除く国内事例)","https://www.mhlw.go.jp/stf/seisakunitsuite/bunya/0000164708_00001.html","https://www.mhlw.go.jp/content/10906000/000632894.pdf","https://www.stopcovid19.jp/data/covid19japan/000632894.pdf","https://www.stopcovid19.jp/data/covid19japan/2020-05-21.csv","https://www.stopcovid19.jp/data/covid19japan/000632894.pdf.json"
"2020-05-22","各都道府県の検査陽性者の状況(空港検疫、チャーター便案件を除く国内事例)","https://www.mhlw.go.jp/stf/seisakunitsuite/bunya/0000164708_00001.html","https://www.mhlw.go.jp/content/10906000/000633030.pdf","https://www.stopcovid19.jp/data/covid19japan/000633030.pdf","https://www.stopcovid19.jp/data/covid19japan/2020-05-22.csv","https://www.stopcovid19.jp/data/covid19japan/000633030.pdf.json"
"2020-05-23","各都道府県の検査陽性者の状況(空港検疫、チャーター便案件を除く国内事例)","https://www.mhlw.go.jp/stf/seisakunitsuite/bunya/0000164708_00001.html","https://www.mhlw.go.jp/content/10906000/000633053.pdf","https://www.stopcovid19.jp/data/covid19japan/000633053.pdf","https://www.stopcovid19.jp/data/covid19japan/2020-05-23.csv","https://www.stopcovid19.jp/data/covid19japan/000633053.pdf.json"
"2020-05-24","各都道府県の検査陽性者の状況(空港検疫、チャーター便案件を除く国内事例)","https://www.mhlw.go.jp/stf/seisakunitsuite/bunya/0000164708_00001.html","https://www.mhlw.go.jp/content/10900000/000633381.pdf","https://www.stopcovid19.jp/data/covid19japan/000633381.pdf","https://www.stopcovid19.jp/data/covid19japan/2020-05-24.csv","https://www.stopcovid19.jp/data/covid19japan/000633381.pdf.json"
"2020-05-25","各都道府県の検査陽性者の状況(空港検疫、チャーター便案件を除く国内事例)","https://www.mhlw.go.jp/stf/seisakunitsuite/bunya/0000164708_00001.html","https://www.mhlw.go.jp/content/10900000/000633827.pdf","https://www.stopcovid19.jp/data/covid19japan/000633827.pdf","https://www.stopcovid19.jp/data/covid19japan/2020-05-25.csv","https://www.stopcovid19.jp/data/covid19japan/000633827.pdf.json"
"2020-05-26","各都道府県の検査陽性者の状況(空港検疫、チャーター便案件を除く国内事例)","https://www.mhlw.go.jp/stf/seisakunitsuite/bunya/0000164708_00001.html","https://www.mhlw.go.jp/content/10906000/000634251.pdf","https://www.stopcovid19.jp/data/covid19japan/000634251.pdf","https://www.stopcovid19.jp/data/covid19japan/2020-05-26.csv","https://www.stopcovid19.jp/data/covid19japan/000634251.pdf.json"
"2020-05-27","各都道府県の検査陽性者の状況(空港検疫、チャーター便案件を除く国内事例)","https://www.mhlw.go.jp/stf/newpage_11567.html","https://www.mhlw.go.jp/content/10906000/000634785.pdf","https://www.stopcovid19.jp/data/covid19japan/000634785.pdf","https://www.stopcovid19.jp/data/covid19japan/2020-05-27.csv","https://www.stopcovid19.jp/data/covid19japan/000634785.pdf.json"
"2020-05-28","各都道府県の検査陽性者の状況(空港検疫、チャーター便案件を除く国内事例)","https://www.mhlw.go.jp/stf/newpage_11587.html","https://www.mhlw.go.jp/content/10906000/000635195.pdf","https://www.stopcovid19.jp/data/covid19japan/000635195.pdf","https://www.stopcovid19.jp/data/covid19japan/2020-05-28.csv","https://www.stopcovid19.jp/data/covid19japan/000635195.pdf.json"
"2020-05-29","各都道府県の検査陽性者の状況(空港検疫、チャーター便案件を除く国内事例)","https://www.mhlw.go.jp/stf/seisakunitsuite/bunya/0000164708_00001.html","https://www.mhlw.go.jp/content/10906000/000635510.pdf","https://www.stopcovid19.jp/data/covid19japan/000635510.pdf","https://www.stopcovid19.jp/data/covid19japan/2020-05-29.csv","https://www.stopcovid19.jp/data/covid19japan/000635510.pdf.json"
"2020-05-30","各都道府県の検査陽性者の状況(空港検疫、チャーター便案件を除く国内事例)","https://www.mhlw.go.jp/stf/seisakunitsuite/bunya/0000164708_00001.html","https://www.mhlw.go.jp/content/10906000/000635537.pdf","https://www.stopcovid19.jp/data/covid19japan/000635537.pdf","https://www.stopcovid19.jp/data/covid19japan/2020-05-30.csv","https://www.stopcovid19.jp/data/covid19japan/000635537.pdf.json"
"2020-05-31","各都道府県の検査陽性者の状況(空港検疫、チャーター便案件を除く国内事例)","https://www.mhlw.go.jp/stf/seisakunitsuite/bunya/0000164708_00001.html","https://www.mhlw.go.jp/content/10906000/000635776.pdf","https://www.stopcovid19.jp/data/covid19japan/000635776.pdf","https://www.stopcovid19.jp/data/covid19japan/2020-05-31.csv","https://www.stopcovid19.jp/data/covid19japan/000635776.pdf.json"
"2020-06-01","各都道府県の検査陽性者の状況(空港検疫、チャーター便案件を除く国内事例)","https://www.mhlw.go.jp/stf/seisakunitsuite/bunya/0000164708_00001.html","https://www.mhlw.go.jp/content/10906000/000636132.pdf","https://www.stopcovid19.jp/data/covid19japan/000636132.pdf","https://www.stopcovid19.jp/data/covid19japan/2020-06-01.csv","https://www.stopcovid19.jp/data/covid19japan/000636132.pdf.json"
"2020-06-02","各都道府県の検査陽性者の状況(空港検疫、チャーター便案件を除く国内事例)","https://www.mhlw.go.jp/stf/seisakunitsuite/bunya/0000164708_00001.html","https://www.mhlw.go.jp/content/10906000/000636582.pdf","https://www.stopcovid19.jp/data/covid19japan/000636582.pdf","https://www.stopcovid19.jp/data/covid19japan/2020-06-02.csv","https://www.stopcovid19.jp/data/covid19japan/000636582.pdf.json"
"2020-06-03","各都道府県の検査陽性者の状況(空港検疫、チャーター便案件を除く国内事例)","https://www.mhlw.go.jp/stf/seisakunitsuite/bunya/0000164708_00001.html","https://www.mhlw.go.jp/content/10906000/000636975.pdf","https://www.stopcovid19.jp/data/covid19japan/000636975.pdf","https://www.stopcovid19.jp/data/covid19japan/2020-06-03.csv","https://www.stopcovid19.jp/data/covid19japan/000636975.pdf.json"
"2020-06-04","各都道府県の検査陽性者の状況(空港検疫、チャーター便案件を除く国内事例)","https://www.mhlw.go.jp/stf/seisakunitsuite/bunya/0000164708_00001.html","https://www.mhlw.go.jp/content/10906000/000637374.pdf","https://www.stopcovid19.jp/data/covid19japan/000637374.pdf","https://www.stopcovid19.jp/data/covid19japan/2020-06-04.csv","https://www.stopcovid19.jp/data/covid19japan/000637374.pdf.json"
"2020-06-05","各都道府県の検査陽性者の状況(空港検疫、チャーター便案件を除く国内事例)","https://www.mhlw.go.jp/stf/seisakunitsuite/bunya/0000164708_00001.html","https://www.mhlw.go.jp/content/10906000/000637517.pdf","https://www.stopcovid19.jp/data/covid19japan/000637517.pdf","https://www.stopcovid19.jp/data/covid19japan/2020-06-05.csv","https://www.stopcovid19.jp/data/covid19japan/000637517.pdf.json"
"2020-06-06","各都道府県の検査陽性者の状況(空港検疫、チャーター便案件を除く国内事例)","https://www.mhlw.go.jp/stf/seisakunitsuite/bunya/0000164708_00001.html","https://www.mhlw.go.jp/content/10906000/000637546.pdf","https://www.stopcovid19.jp/data/covid19japan/000637546.pdf","https://www.stopcovid19.jp/data/covid19japan/2020-06-06.csv","https://www.stopcovid19.jp/data/covid19japan/000637546.pdf.json"
"2020-06-07","各都道府県の検査陽性者の状況(空港検疫、チャーター便案件を除く国内事例)","https://www.mhlw.go.jp/stf/seisakunitsuite/bunya/0000164708_00001.html","https://www.mhlw.go.jp/content/10906000/000637876.pdf","https://www.stopcovid19.jp/data/covid19japan/000637876.pdf","https://www.stopcovid19.jp/data/covid19japan/2020-06-07.csv","https://www.stopcovid19.jp/data/covid19japan/000637876.pdf.json"
"2020-06-08","各都道府県の検査陽性者の状況(空港検疫、チャーター便案件を除く国内事例)","https://www.mhlw.go.jp/stf/seisakunitsuite/bunya/0000164708_00001.html","https://www.mhlw.go.jp/content/10906000/000638332.pdf","https://www.stopcovid19.jp/data/covid19japan/000638332.pdf","https://www.stopcovid19.jp/data/covid19japan/2020-06-08.csv","https://www.stopcovid19.jp/data/covid19japan/000638332.pdf.json"
"2020-06-09","各都道府県の検査陽性者の状況(空港検疫、チャーター便案件を除く国内事例)","https://www.mhlw.go.jp/stf/seisakunitsuite/bunya/0000164708_00001.html","https://www.mhlw.go.jp/content/10906000/000638691.pdf","https://www.stopcovid19.jp/data/covid19japan/000638691.pdf","https://www.stopcovid19.jp/data/covid19japan/2020-06-09.csv","https://www.stopcovid19.jp/data/covid19japan/000638691.pdf.json"
"2020-06-10","各都道府県の検査陽性者の状況(空港検疫、チャーター便案件を除く国内事例)","https://www.mhlw.go.jp/stf/seisakunitsuite/bunya/0000164708_00001.html","https://www.mhlw.go.jp/content/10906000/000638967.pdf","https://www.stopcovid19.jp/data/covid19japan/000638967.pdf","https://www.stopcovid19.jp/data/covid19japan/2020-06-10.csv","https://www.stopcovid19.jp/data/covid19japan/000638967.pdf.json"
"2020-06-11","各都道府県の検査陽性者の状況(空港検疫、チャーター便案件を除く国内事例)","https://www.mhlw.go.jp/stf/seisakunitsuite/bunya/0000164708_00001.html","https://www.mhlw.go.jp/content/10906000/000639342.pdf","https://www.stopcovid19.jp/data/covid19japan/000639342.pdf","https://www.stopcovid19.jp/data/covid19japan/2020-06-11.csv","https://www.stopcovid19.jp/data/covid19japan/000639342.pdf.json"
"2020-06-12","各都道府県の検査陽性者の状況(空港検疫、チャーター便案件を除く国内事例)","https://www.mhlw.go.jp/stf/seisakunitsuite/bunya/0000164708_00001.html","https://www.mhlw.go.jp/content/10906000/000639746.pdf","https://www.stopcovid19.jp/data/covid19japan/000639746.pdf","https://www.stopcovid19.jp/data/covid19japan/2020-06-12.csv","https://www.stopcovid19.jp/data/covid19japan/000639746.pdf.json"
"2020-06-13","各都道府県の検査陽性者の状況(空港検疫、チャーター便案件を除く国内事例)","https://www.mhlw.go.jp/stf/seisakunitsuite/bunya/0000164708_00001.html","https://www.mhlw.go.jp/content/10906000/000639769.pdf","https://www.stopcovid19.jp/data/covid19japan/000639769.pdf","https://www.stopcovid19.jp/data/covid19japan/2020-06-13.csv","https://www.stopcovid19.jp/data/covid19japan/000639769.pdf.json"
"2020-06-14","各都道府県の検査陽性者の状況(空港検疫、チャーター便案件を除く国内事例)","https://www.mhlw.go.jp/stf/seisakunitsuite/bunya/0000164708_00001.html","https://www.mhlw.go.jp/content/10906000/000640010.pdf","https://www.stopcovid19.jp/data/covid19japan/000640010.pdf","https://www.stopcovid19.jp/data/covid19japan/2020-06-14.csv","https://www.stopcovid19.jp/data/covid19japan/000640010.pdf.json"
"2020-06-15","各都道府県の検査陽性者の状況(空港検疫、チャーター便案件を除く国内事例)","https://www.mhlw.go.jp/stf/seisakunitsuite/bunya/0000164708_00001.html","https://www.mhlw.go.jp/content/10906000/000640393.pdf","https://www.stopcovid19.jp/data/covid19japan/000640393.pdf","https://www.stopcovid19.jp/data/covid19japan/2020-06-15.csv","https://www.stopcovid19.jp/data/covid19japan/000640393.pdf.json"
"2020-06-16","各都道府県の検査陽性者の状況(空港検疫、チャーター便案件を除く国内事例)","https://www.mhlw.go.jp/stf/seisakunitsuite/bunya/0000164708_00001.html","https://www.mhlw.go.jp/content/10906000/000640745.pdf","https://www.stopcovid19.jp/data/covid19japan/000640745.pdf","https://www.stopcovid19.jp/data/covid19japan/2020-06-16.csv","https://www.stopcovid19.jp/data/covid19japan/000640745.pdf.json"
"2020-06-17","各都道府県の検査陽性者の状況(空港検疫、チャーター便案件を除く国内事例)","https://www.mhlw.go.jp/stf/seisakunitsuite/bunya/0000164708_00001.html","https://www.mhlw.go.jp/content/10906000/000641280.pdf","https://www.stopcovid19.jp/data/covid19japan/000641280.pdf","https://www.stopcovid19.jp/data/covid19japan/2020-06-17.csv","https://www.stopcovid19.jp/data/covid19japan/000641280.pdf.json"
"2020-06-18","各都道府県の検査陽性者の状況(空港検疫、チャーター便案件を除く国内事例)","https://www.mhlw.go.jp/stf/seisakunitsuite/bunya/0000164708_00001.html","https://www.mhlw.go.jp/content/10906000/000641750.pdf","https://www.stopcovid19.jp/data/covid19japan/000641750.pdf","https://www.stopcovid19.jp/data/covid19japan/2020-06-18.csv","https://www.stopcovid19.jp/data/covid19japan/000641750.pdf.json"
"2020-06-19","各都道府県の検査陽性者の状況(空港検疫、チャーター便案件を除く国内事例)","https://www.mhlw.go.jp/stf/seisakunitsuite/bunya/0000164708_00001.html","https://www.mhlw.go.jp/content/10906000/000641944.pdf","https://www.stopcovid19.jp/data/covid19japan/000641944.pdf","https://www.stopcovid19.jp/data/covid19japan/2020-06-19.csv","https://www.stopcovid19.jp/data/covid19japan/000641944.pdf.json"
"2020-06-20","各都道府県の検査陽性者の状況(空港検疫、チャーター便案件を除く国内事例)","https://www.mhlw.go.jp/stf/seisakunitsuite/bunya/0000164708_00001.html","https://www.mhlw.go.jp/content/10906000/000641965.pdf","https://www.stopcovid19.jp/data/covid19japan/000641965.pdf","https://www.stopcovid19.jp/data/covid19japan/2020-06-20.csv","https://www.stopcovid19.jp/data/covid19japan/000641965.pdf.json"
"2020-06-21","各都道府県の検査陽性者の状況(空港検疫、チャーター便案件を除く国内事例)","https://www.mhlw.go.jp/stf/seisakunitsuite/bunya/0000164708_00001.html","https://www.mhlw.go.jp/content/10906000/000642091.pdf","https://www.stopcovid19.jp/data/covid19japan/000642091.pdf","https://www.stopcovid19.jp/data/covid19japan/2020-06-21.csv","https://www.stopcovid19.jp/data/covid19japan/000642091.pdf.json"
"2020-06-22","各都道府県の検査陽性者の状況(空港検疫、チャーター便案件を除く国内事例)","https://www.mhlw.go.jp/stf/seisakunitsuite/bunya/0000164708_00001.html","https://www.mhlw.go.jp/content/10906000/000642428.pdf","https://www.stopcovid19.jp/data/covid19japan/000642428.pdf","https://www.stopcovid19.jp/data/covid19japan/2020-06-22.csv","https://www.stopcovid19.jp/data/covid19japan/000642428.pdf.json"
"2020-06-23","各都道府県の検査陽性者の状況(空港検疫、チャーター便案件を除く国内事例)","https://www.mhlw.go.jp/stf/seisakunitsuite/bunya/0000164708_00001.html","https://www.mhlw.go.jp/content/10906000/000642772.pdf","https://www.stopcovid19.jp/data/covid19japan/000642772.pdf","https://www.stopcovid19.jp/data/covid19japan/2020-06-23.csv","https://www.stopcovid19.jp/data/covid19japan/000642772.pdf.json"
"2020-06-24","各都道府県の検査陽性者の状況(空港検疫、チャーター便案件を除く国内事例)","https://www.mhlw.go.jp/stf/seisakunitsuite/bunya/0000164708_00001.html","https://www.mhlw.go.jp/content/10906000/000643528.pdf","https://www.stopcovid19.jp/data/covid19japan/000643528.pdf","https://www.stopcovid19.jp/data/covid19japan/2020-06-24.csv","https://www.stopcovid19.jp/data/covid19japan/000643528.pdf.json"
"2020-06-25","各都道府県の検査陽性者の状況(空港検疫、チャーター便案件を除く国内事例)","https://www.mhlw.go.jp/stf/seisakunitsuite/bunya/0000164708_00001.html","https://www.mhlw.go.jp/content/10906000/000644139.pdf","https://www.stopcovid19.jp/data/covid19japan/000644139.pdf","https://www.stopcovid19.jp/data/covid19japan/2020-06-25.csv","https://www.stopcovid19.jp/data/covid19japan/000644139.pdf.json"
"2020-06-26","各都道府県の検査陽性者の状況(空港検疫、チャーター便案件を除く国内事例)","https://www.mhlw.go.jp/stf/seisakunitsuite/bunya/0000164708_00001.html","https://www.mhlw.go.jp/content/10906000/000644329.pdf","https://www.stopcovid19.jp/data/covid19japan/000644329.pdf","https://www.stopcovid19.jp/data/covid19japan/2020-06-26.csv","https://www.stopcovid19.jp/data/covid19japan/000644329.pdf.json"
"2020-06-27","各都道府県の検査陽性者の状況(空港検疫、チャーター便案件を除く国内事例)","https://www.mhlw.go.jp/stf/seisakunitsuite/bunya/0000164708_00001.html","https://www.mhlw.go.jp/content/10906000/000644366.pdf","https://www.stopcovid19.jp/data/covid19japan/000644366.pdf","https://www.stopcovid19.jp/data/covid19japan/2020-06-27.csv","https://www.stopcovid19.jp/data/covid19japan/000644366.pdf.json"
"2020-06-28","各都道府県の検査陽性者の状況(空港検疫、チャーター便案件を除く国内事例)","https://www.mhlw.go.jp/stf/seisakunitsuite/bunya/0000164708_00001.html","https://www.mhlw.go.jp/content/10906000/000644583.pdf","https://www.stopcovid19.jp/data/covid19japan/000644583.pdf","https://www.stopcovid19.jp/data/covid19japan/2020-06-28.csv","https://www.stopcovid19.jp/data/covid19japan/000644583.pdf.json"
"2020-06-29","各都道府県の検査陽性者の状況(空港検疫、チャーター便案件を除く国内事例)","https://www.mhlw.go.jp/stf/seisakunitsuite/bunya/0000164708_00001.html","https://www.mhlw.go.jp/content/10906000/000645007.pdf","https://www.stopcovid19.jp/data/covid19japan/000645007.pdf","https://www.stopcovid19.jp/data/covid19japan/2020-06-29.csv","https://www.stopcovid19.jp/data/covid19japan/000645007.pdf.json"
"2020-06-30","各都道府県の検査陽性者の状況(空港検疫、チャーター便案件を除く国内事例)","https://www.mhlw.go.jp/stf/seisakunitsuite/bunya/0000164708_00001.html","https://www.mhlw.go.jp/content/10906000/000645320.pdf","https://www.stopcovid19.jp/data/covid19japan/000645320.pdf","https://www.stopcovid19.jp/data/covid19japan/2020-06-30.csv","https://www.stopcovid19.jp/data/covid19japan/000645320.pdf.json"
"2020-07-01","各都道府県の検査陽性者の状況(空港検疫、チャーター便案件を除く国内事例)","https://www.mhlw.go.jp/stf/seisakunitsuite/bunya/0000164708_00001.html","https://www.mhlw.go.jp/content/10906000/000645663.pdf","https://www.stopcovid19.jp/data/covid19japan/000645663.pdf","https://www.stopcovid19.jp/data/covid19japan/2020-07-01.csv","https://www.stopcovid19.jp/data/covid19japan/000645663.pdf.json"
"2020-07-02","各都道府県の検査陽性者の状況(空港検疫、チャーター便案件を除く国内事例)","https://www.mhlw.go.jp/stf/newpage_12236.html","https://www.mhlw.go.jp/content/10906000/000646194.pdf","https://www.stopcovid19.jp/data/covid19japan/000646194.pdf","https://www.stopcovid19.jp/data/covid19japan/2020-07-02.csv","https://www.stopcovid19.jp/data/covid19japan/000646194.pdf.json"
"2020-07-03","各都道府県の検査陽性者の状況(空港検疫、チャーター便案件を除く国内事例)","https://www.mhlw.go.jp/stf/newpage_12245.html","https://www.mhlw.go.jp/content/10906000/000646571.pdf","https://www.stopcovid19.jp/data/covid19japan/000646571.pdf","https://www.stopcovid19.jp/data/covid19japan/2020-07-03.csv","https://www.stopcovid19.jp/data/covid19japan/000646571.pdf.json"
"2020-07-04","各都道府県の検査陽性者の状況(空港検疫、チャーター便案件を除く国内事例)","https://www.mhlw.go.jp/stf/newpage_12250.html","https://www.mhlw.go.jp/content/10906000/000646607.pdf","https://www.stopcovid19.jp/data/covid19japan/000646607.pdf","https://www.stopcovid19.jp/data/covid19japan/2020-07-04.csv","https://www.stopcovid19.jp/data/covid19japan/000646607.pdf.json"
"2020-07-05","各都道府県の検査陽性者の状況(空港検疫、チャーター便案件を除く国内事例)","https://www.mhlw.go.jp/stf/newpage_12269.html","https://www.mhlw.go.jp/content/10906000/000646813.pdf","https://www.stopcovid19.jp/data/covid19japan/000646813.pdf","https://www.stopcovid19.jp/data/covid19japan/2020-07-05.csv","https://www.stopcovid19.jp/data/covid19japan/000646813.pdf.json"
"2020-07-06","各都道府県の検査陽性者の状況(空港検疫、チャーター便案件を除く国内事例)","https://www.mhlw.go.jp/stf/newpage_12287.html","https://www.mhlw.go.jp/content/10906000/000647061.pdf","https://www.stopcovid19.jp/data/covid19japan/000647061.pdf","https://www.stopcovid19.jp/data/covid19japan/2020-07-06.csv","https://www.stopcovid19.jp/data/covid19japan/000647061.pdf.json"
"2020-07-07","各都道府県の検査陽性者の状況(空港検疫、チャーター便案件を除く国内事例)","https://www.mhlw.go.jp/stf/newpage_12312.html","https://www.mhlw.go.jp/content/10906000/000647421.pdf","https://www.stopcovid19.jp/data/covid19japan/000647421.pdf","https://www.stopcovid19.jp/data/covid19japan/2020-07-07.csv","https://www.stopcovid19.jp/data/covid19japan/000647421.pdf.json"
"2020-07-08","各都道府県の検査陽性者の状況(空港検疫、チャーター便案件を除く国内事例)","https://www.mhlw.go.jp/stf/newpage_12339.html","https://www.mhlw.go.jp/content/10906000/000647789.pdf","https://www.stopcovid19.jp/data/covid19japan/000647789.pdf","https://www.stopcovid19.jp/data/covid19japan/2020-07-08.csv","https://www.stopcovid19.jp/data/covid19japan/000647789.pdf.json"
"2020-07-09","各都道府県の検査陽性者の状況(空港検疫、チャーター便案件を除く国内事例)","https://www.mhlw.go.jp/stf/newpage_12360.html","https://www.mhlw.go.jp/content/10906000/000648106.pdf","https://www.stopcovid19.jp/data/covid19japan/000648106.pdf","https://www.stopcovid19.jp/data/covid19japan/2020-07-09.csv","https://www.stopcovid19.jp/data/covid19japan/000648106.pdf.json"
"2020-07-10","各都道府県の検査陽性者の状況(空港検疫、チャーター便案件を除く国内事例)","https://www.mhlw.go.jp/stf/newpage_12375.html","https://www.mhlw.go.jp/content/10906000/000648217.pdf","https://www.stopcovid19.jp/data/covid19japan/000648217.pdf","https://www.stopcovid19.jp/data/covid19japan/2020-07-10.csv","https://www.stopcovid19.jp/data/covid19japan/000648217.pdf.json"
"2020-07-11","各都道府県の検査陽性者の状況(空港検疫、チャーター便案件を除く国内事例)","https://www.mhlw.go.jp/stf/newpage_12378.html","https://www.mhlw.go.jp/content/10906000/000648243.pdf","https://www.stopcovid19.jp/data/covid19japan/000648243.pdf","https://www.stopcovid19.jp/data/covid19japan/2020-07-11.csv","https://www.stopcovid19.jp/data/covid19japan/000648243.pdf.json"
"2020-07-12","各都道府県の検査陽性者の状況(空港検疫、チャーター便案件を除く国内事例)","https://www.mhlw.go.jp/stf/newpage_12392.html","https://www.mhlw.go.jp/content/10906000/000648451.pdf","https://www.stopcovid19.jp/data/covid19japan/000648451.pdf","https://www.stopcovid19.jp/data/covid19japan/2020-07-12.csv","https://www.stopcovid19.jp/data/covid19japan/000648451.pdf.json"
"2020-07-13","各都道府県の検査陽性者の状況(空港検疫、チャーター便案件を除く国内事例)","https://www.mhlw.go.jp/stf/newpage_12427.html","https://www.mhlw.go.jp/content/10906000/000648881.pdf","https://www.stopcovid19.jp/data/covid19japan/000648881.pdf","https://www.stopcovid19.jp/data/covid19japan/2020-07-13.csv","https://www.stopcovid19.jp/data/covid19japan/000648881.pdf.json"
"2020-07-14","各都道府県の検査陽性者の状況(空港検疫、チャーター便案件を除く国内事例)","https://www.mhlw.go.jp/stf/newpage_12450.html","https://www.mhlw.go.jp/content/10906000/000649242.pdf","https://www.stopcovid19.jp/data/covid19japan/000649242.pdf","https://www.stopcovid19.jp/data/covid19japan/2020-07-14.csv","https://www.stopcovid19.jp/data/covid19japan/000649242.pdf.json"
"2020-07-15","各都道府県の検査陽性者の状況(空港検疫、チャーター便案件を除く国内事例)","https://www.mhlw.go.jp/stf/newpage_12467.html","https://www.mhlw.go.jp/content/10906000/000649592.pdf","https://www.stopcovid19.jp/data/covid19japan/000649592.pdf","https://www.stopcovid19.jp/data/covid19japan/2020-07-15.csv","https://www.stopcovid19.jp/data/covid19japan/000649592.pdf.json"
"2020-07-16","各都道府県の検査陽性者の状況(空港検疫、チャーター便案件を除く国内事例)","https://www.mhlw.go.jp/stf/newpage_12500.html","https://www.mhlw.go.jp/content/10906000/000650039.pdf","https://www.stopcovid19.jp/data/covid19japan/000650039.pdf","https://www.stopcovid19.jp/data/covid19japan/2020-07-16.csv","https://www.stopcovid19.jp/data/covid19japan/000650039.pdf.json"
"2020-07-17","各都道府県の検査陽性者の状況(空港検疫、チャーター便案件を除く国内事例)","https://www.mhlw.go.jp/stf/newpage_12515.html","https://www.mhlw.go.jp/content/10906000/000650224.pdf","https://www.stopcovid19.jp/data/covid19japan/000650224.pdf","https://www.stopcovid19.jp/data/covid19japan/2020-07-17.csv","https://www.stopcovid19.jp/data/covid19japan/000650224.pdf.json"
"2020-07-18","各都道府県の検査陽性者の状況(空港検疫、チャーター便案件を除く国内事例)","https://www.mhlw.go.jp/stf/newpage_12519.html","https://www.mhlw.go.jp/content/10906000/000650237.pdf","https://www.stopcovid19.jp/data/covid19japan/000650237.pdf","https://www.stopcovid19.jp/data/covid19japan/2020-07-18.csv","https://www.stopcovid19.jp/data/covid19japan/000650237.pdf.json"
"2020-07-19","各都道府県の検査陽性者の状況(空港検疫、チャーター便案件を除く国内事例)","https://www.mhlw.go.jp/stf/newpage_12545.html","https://www.mhlw.go.jp/content/10906000/000650554.pdf","https://www.stopcovid19.jp/data/covid19japan/000650554.pdf","https://www.stopcovid19.jp/data/covid19japan/2020-07-19.csv","https://www.stopcovid19.jp/data/covid19japan/000650554.pdf.json"
"2020-07-20","各都道府県の検査陽性者の状況(空港検疫、チャーター便案件を除く国内事例)","https://www.mhlw.go.jp/stf/newpage_12570.html","https://www.mhlw.go.jp/content/10906000/000651140.pdf","https://www.stopcovid19.jp/data/covid19japan/000651140.pdf","https://www.stopcovid19.jp/data/covid19japan/2020-07-20.csv","https://www.stopcovid19.jp/data/covid19japan/000651140.pdf.json"
"2020-07-21","各都道府県の検査陽性者の状況(空港検疫、チャーター便案件を除く国内事例)","https://www.mhlw.go.jp/stf/newpage_12601.html","https://www.mhlw.go.jp/content/10906000/000651654.pdf","https://www.stopcovid19.jp/data/covid19japan/000651654.pdf","https://www.stopcovid19.jp/data/covid19japan/2020-07-21.csv","https://www.stopcovid19.jp/data/covid19japan/000651654.pdf.json"
"2020-07-22","各都道府県の検査陽性者の状況(空港検疫、チャーター便案件を除く国内事例)","https://www.mhlw.go.jp/stf/newpage_12612.html","https://www.mhlw.go.jp/content/10906000/000651930.pdf","https://www.stopcovid19.jp/data/covid19japan/000651930.pdf","https://www.stopcovid19.jp/data/covid19japan/2020-07-22.csv","https://www.stopcovid19.jp/data/covid19japan/000651930.pdf.json"
"2020-07-23","各都道府県の検査陽性者の状況(空港検疫、チャーター便案件を除く国内事例)","https://www.mhlw.go.jp/stf/newpage_12616.html","https://www.mhlw.go.jp/content/10906000/000651992.pdf","https://www.stopcovid19.jp/data/covid19japan/000651992.pdf","https://www.stopcovid19.jp/data/covid19japan/2020-07-23.csv","https://www.stopcovid19.jp/data/covid19japan/000651992.pdf.json"
"2020-07-24","各都道府県の検査陽性者の状況(空港検疫、チャーター便案件を除く国内事例)","https://www.mhlw.go.jp/stf/newpage_12620.html","https://www.mhlw.go.jp/content/10906000/000652019.pdf","https://www.stopcovid19.jp/data/covid19japan/000652019.pdf","https://www.stopcovid19.jp/data/covid19japan/2020-07-24.csv","https://www.stopcovid19.jp/data/covid19japan/000652019.pdf.json"
"2020-07-25","各都道府県の検査陽性者の状況(空港検疫、チャーター便案件を除く国内事例)","https://www.mhlw.go.jp/stf/newpage_12623.html","https://www.mhlw.go.jp/content/10906000/000652038.pdf","https://www.stopcovid19.jp/data/covid19japan/000652038.pdf","https://www.stopcovid19.jp/data/covid19japan/2020-07-25.csv","https://www.stopcovid19.jp/data/covid19japan/000652038.pdf.json"
"2020-07-26","各都道府県の検査陽性者の状況(空港検疫、チャーター便案件を除く国内事例)","https://www.mhlw.go.jp/stf/newpage_12642.html","https://www.mhlw.go.jp/content/10906000/000652357.pdf","https://www.stopcovid19.jp/data/covid19japan/000652357.pdf","https://www.stopcovid19.jp/data/covid19japan/2020-07-26.csv","https://www.stopcovid19.jp/data/covid19japan/000652357.pdf.json"
"2020-07-27","各都道府県の検査陽性者の状況(空港検疫、チャーター便案件を除く国内事例)","https://www.mhlw.go.jp/stf/newpage_12668.html","https://www.mhlw.go.jp/content/10906000/000652753.pdf","https://www.stopcovid19.jp/data/covid19japan/000652753.pdf","https://www.stopcovid19.jp/data/covid19japan/2020-07-27.csv","https://www.stopcovid19.jp/data/covid19japan/000652753.pdf.json"
"2020-07-28","各都道府県の検査陽性者の状況(空港検疫、チャーター便案件を除く国内事例)","https://www.mhlw.go.jp/stf/newpage_12716.html","https://www.mhlw.go.jp/content/10906000/000653369.pdf","https://www.stopcovid19.jp/data/covid19japan/000653369.pdf","https://www.stopcovid19.jp/data/covid19japan/2020-07-28.csv","https://www.stopcovid19.jp/data/covid19japan/000653369.pdf.json"
"2020-07-29","各都道府県の検査陽性者の状況(空港検疫、チャーター便案件を除く国内事例)","https://www.mhlw.go.jp/stf/newpage_12742.html","https://www.mhlw.go.jp/content/10906000/000654092.pdf","https://www.stopcovid19.jp/data/covid19japan/000654092.pdf","https://www.stopcovid19.jp/data/covid19japan/2020-07-29.csv","https://www.stopcovid19.jp/data/covid19japan/000654092.pdf.json"
"2020-07-30","各都道府県の検査陽性者の状況(空港検疫、チャーター便案件を除く国内事例)","https://www.mhlw.go.jp/stf/newpage_12763.html","https://www.mhlw.go.jp/content/10906000/000655125.pdf","https://www.stopcovid19.jp/data/covid19japan/000655125.pdf","https://www.stopcovid19.jp/data/covid19japan/2020-07-30.csv","https://www.stopcovid19.jp/data/covid19japan/000655125.pdf.json"
"2020-07-31","各都道府県の検査陽性者の状況(空港検疫、チャーター便案件を除く国内事例)","https://www.mhlw.go.jp/stf/newpage_12776.html","https://www.mhlw.go.jp/content/10906000/000655357.pdf","https://www.stopcovid19.jp/data/covid19japan/000655357.pdf","https://www.stopcovid19.jp/data/covid19japan/2020-07-31.csv","https://www.stopcovid19.jp/data/covid19japan/000655357.pdf.json"
"2020-08-01","各都道府県の検査陽性者の状況(空港検疫、チャーター便案件を除く国内事例)","https://www.mhlw.go.jp/stf/newpage_12781.html","https://www.mhlw.go.jp/content/10906000/000655374.pdf","https://www.stopcovid19.jp/data/covid19japan/000655374.pdf","https://www.stopcovid19.jp/data/covid19japan/2020-08-01.csv","https://www.stopcovid19.jp/data/covid19japan/000655374.pdf.json"
"2020-08-02","各都道府県の検査陽性者の状況(空港検疫、チャーター便案件を除く国内事例)","https://www.mhlw.go.jp/stf/newpage_12800.html","https://www.mhlw.go.jp/content/10906000/000655733.pdf","https://www.stopcovid19.jp/data/covid19japan/000655733.pdf","https://www.stopcovid19.jp/data/covid19japan/2020-08-02.csv","https://www.stopcovid19.jp/data/covid19japan/000655733.pdf.json"
"2020-08-03","各都道府県の検査陽性者の状況(空港検疫、チャーター便案件を除く国内事例)","https://www.mhlw.go.jp/stf/newpage_12817.html","https://www.mhlw.go.jp/content/10906000/000656117.pdf","https://www.stopcovid19.jp/data/covid19japan/000656117.pdf","https://www.stopcovid19.jp/data/covid19japan/2020-08-03.csv","https://www.stopcovid19.jp/data/covid19japan/000656117.pdf.json"
"2020-08-04","各都道府県の検査陽性者の状況(空港検疫、チャーター便案件を除く国内事例)","https://www.mhlw.go.jp/stf/newpage_12851.html","https://www.mhlw.go.jp/content/10906000/000656952.pdf","https://www.stopcovid19.jp/data/covid19japan/000656952.pdf","https://www.stopcovid19.jp/data/covid19japan/2020-08-04.csv","https://www.stopcovid19.jp/data/covid19japan/000656952.pdf.json"
"2020-08-05","各都道府県の検査陽性者の状況(空港検疫、チャーター便案件を除く国内事例)","https://www.mhlw.go.jp/stf/newpage_12870.html","https://www.mhlw.go.jp/content/10906000/000657340.pdf","https://www.stopcovid19.jp/data/covid19japan/000657340.pdf","https://www.stopcovid19.jp/data/covid19japan/2020-08-05.csv","https://www.stopcovid19.jp/data/covid19japan/000657340.pdf.json"
"2020-08-06","各都道府県の検査陽性者の状況(空港検疫、チャーター便案件を除く国内事例)","https://www.mhlw.go.jp/stf/newpage_12895.html","https://www.mhlw.go.jp/content/10906000/000657780.pdf","https://www.stopcovid19.jp/data/covid19japan/000657780.pdf","https://www.stopcovid19.jp/data/covid19japan/2020-08-06.csv","https://www.stopcovid19.jp/data/covid19japan/000657780.pdf.json"
"2020-08-07","各都道府県の検査陽性者の状況(空港検疫、チャーター便案件を除く国内事例)","https://www.mhlw.go.jp/stf/newpage_12900.html","https://www.mhlw.go.jp/content/10906000/000657897.pdf","https://www.stopcovid19.jp/data/covid19japan/000657897.pdf","https://www.stopcovid19.jp/data/covid19japan/2020-08-07.csv","https://www.stopcovid19.jp/data/covid19japan/000657897.pdf.json"
"2020-08-08","各都道府県の検査陽性者の状況(空港検疫、チャーター便案件を除く国内事例)","https://www.mhlw.go.jp/stf/newpage_12907.html","https://www.mhlw.go.jp/content/10906000/000657914.pdf","https://www.stopcovid19.jp/data/covid19japan/000657914.pdf","https://www.stopcovid19.jp/data/covid19japan/2020-08-08.csv","https://www.stopcovid19.jp/data/covid19japan/000657914.pdf.json"
"2020-08-09","各都道府県の検査陽性者の状況(空港検疫、チャーター便案件を除く国内事例)","https://www.mhlw.go.jp/stf/newpage_12910.html","https://www.mhlw.go.jp/content/10906000/000657931.pdf","https://www.stopcovid19.jp/data/covid19japan/000657931.pdf","https://www.stopcovid19.jp/data/covid19japan/2020-08-09.csv","https://www.stopcovid19.jp/data/covid19japan/000657931.pdf.json"
"2020-08-10","各都道府県の検査陽性者の状況(空港検疫、チャーター便案件を除く国内事例)","https://www.mhlw.go.jp/stf/newpage_12918.html","https://www.mhlw.go.jp/content/10906000/000658227.pdf","https://www.stopcovid19.jp/data/covid19japan/000658227.pdf","https://www.stopcovid19.jp/data/covid19japan/2020-08-10.csv","https://www.stopcovid19.jp/data/covid19japan/000658227.pdf.json"
"2020-08-11","各都道府県の検査陽性者の状況(空港検疫、チャーター便案件を除く国内事例)","https://www.mhlw.go.jp/stf/newpage_12947.html","https://www.mhlw.go.jp/content/10906000/000658576.pdf","https://www.stopcovid19.jp/data/covid19japan/000658576.pdf","https://www.stopcovid19.jp/data/covid19japan/2020-08-11.csv","https://www.stopcovid19.jp/data/covid19japan/000658576.pdf.json"
"2020-08-12","各都道府県の検査陽性者の状況(空港検疫、チャーター便案件を除く国内事例)","https://www.mhlw.go.jp/stf/newpage_12978.html","https://www.mhlw.go.jp/content/10906000/000659104.pdf","https://www.stopcovid19.jp/data/covid19japan/000659104.pdf","https://www.stopcovid19.jp/data/covid19japan/2020-08-12.csv","https://www.stopcovid19.jp/data/covid19japan/000659104.pdf.json"
"2020-08-13","各都道府県の検査陽性者の状況(空港検疫、チャーター便案件を除く国内事例)","https://www.mhlw.go.jp/stf/newpage_12988.html","https://www.mhlw.go.jp/content/10906000/000659320.pdf","https://www.stopcovid19.jp/data/covid19japan/000659320.pdf","https://www.stopcovid19.jp/data/covid19japan/2020-08-13.csv","https://www.stopcovid19.jp/data/covid19japan/000659320.pdf.json"
"2020-08-14","各都道府県の検査陽性者の状況(空港検疫、チャーター便案件を除く国内事例)","https://www.mhlw.go.jp/stf/newpage_12999.html","https://www.mhlw.go.jp/content/10906000/000659498.pdf","https://www.stopcovid19.jp/data/covid19japan/000659498.pdf","https://www.stopcovid19.jp/data/covid19japan/2020-08-14.csv","https://www.stopcovid19.jp/data/covid19japan/000659498.pdf.json"
"2020-08-15","各都道府県の検査陽性者の状況(空港検疫、チャーター便案件を除く国内事例)","https://www.mhlw.go.jp/stf/newpage_13001.html","https://www.mhlw.go.jp/content/10906000/000659513.pdf","https://www.stopcovid19.jp/data/covid19japan/000659513.pdf","https://www.stopcovid19.jp/data/covid19japan/2020-08-15.csv","https://www.stopcovid19.jp/data/covid19japan/000659513.pdf.json"
"2020-08-16","各都道府県の検査陽性者の状況(空港検疫、チャーター便案件を除く国内事例)","https://www.mhlw.go.jp/stf/newpage_13013.html","https://www.mhlw.go.jp/content/10906000/000659783.pdf","https://www.stopcovid19.jp/data/covid19japan/000659783.pdf","https://www.stopcovid19.jp/data/covid19japan/2020-08-16.csv","https://www.stopcovid19.jp/data/covid19japan/000659783.pdf.json"
"2020-08-17","各都道府県の検査陽性者の状況(空港検疫、チャーター便案件を除く国内事例)","https://www.mhlw.go.jp/stf/newpage_13032.html","https://www.mhlw.go.jp/content/10906000/000660166.pdf","https://www.stopcovid19.jp/data/covid19japan/000660166.pdf","https://www.stopcovid19.jp/data/covid19japan/2020-08-17.csv","https://www.stopcovid19.jp/data/covid19japan/000660166.pdf.json"
"2020-08-18","各都道府県の検査陽性者の状況(空港検疫、チャーター便案件を除く国内事例)","https://www.mhlw.go.jp/stf/newpage_13047.html","https://www.mhlw.go.jp/content/10906000/000660644.pdf","https://www.stopcovid19.jp/data/covid19japan/000660644.pdf","https://www.stopcovid19.jp/data/covid19japan/2020-08-18.csv","https://www.stopcovid19.jp/data/covid19japan/000660644.pdf.json"
"2020-08-19","各都道府県の検査陽性者の状況(空港検疫、チャーター便案件を除く国内事例)","https://www.mhlw.go.jp/stf/newpage_13073.html","https://www.mhlw.go.jp/content/10906000/000661110.pdf","https://www.stopcovid19.jp/data/covid19japan/000661110.pdf","https://www.stopcovid19.jp/data/covid19japan/2020-08-19.csv","https://www.stopcovid19.jp/data/covid19japan/000661110.pdf.json"
"2020-08-20","各都道府県の検査陽性者の状況(空港検疫、チャーター便案件を除く国内事例)","https://www.mhlw.go.jp/stf/newpage_13115.html","https://www.mhlw.go.jp/content/10906000/000661606.pdf","https://www.stopcovid19.jp/data/covid19japan/000661606.pdf","https://www.stopcovid19.jp/data/covid19japan/2020-08-20.csv","https://www.stopcovid19.jp/data/covid19japan/000661606.pdf.json"
"2020-08-21","各都道府県の検査陽性者の状況(空港検疫、チャーター便案件を除く国内事例)","https://www.mhlw.go.jp/stf/newpage_13122.html","https://www.mhlw.go.jp/content/10906000/000661893.pdf","https://www.stopcovid19.jp/data/covid19japan/000661893.pdf","https://www.stopcovid19.jp/data/covid19japan/2020-08-21.csv","https://www.stopcovid19.jp/data/covid19japan/000661893.pdf.json"
"2020-08-22","各都道府県の検査陽性者の状況(空港検疫、チャーター便案件を除く国内事例)","https://www.mhlw.go.jp/stf/newpage_13127.html","https://www.mhlw.go.jp/content/10906000/000661904.pdf","https://www.stopcovid19.jp/data/covid19japan/000661904.pdf","https://www.stopcovid19.jp/data/covid19japan/2020-08-22.csv","https://www.stopcovid19.jp/data/covid19japan/000661904.pdf.json"
"2020-08-23","各都道府県の検査陽性者の状況(空港検疫、チャーター便案件を除く国内事例)","https://www.mhlw.go.jp/stf/newpage_13139.html","https://www.mhlw.go.jp/content/10906000/000662305.pdf","https://www.stopcovid19.jp/data/covid19japan/000662305.pdf","https://www.stopcovid19.jp/data/covid19japan/2020-08-23.csv","https://www.stopcovid19.jp/data/covid19japan/000662305.pdf.json"
"2020-08-24","各都道府県の検査陽性者の状況(空港検疫、チャーター便案件を除く国内事例)","https://www.mhlw.go.jp/stf/newpage_13172.html","https://www.mhlw.go.jp/content/10906000/000662630.pdf","https://www.stopcovid19.jp/data/covid19japan/000662630.pdf","https://www.stopcovid19.jp/data/covid19japan/2020-08-24.csv","https://www.stopcovid19.jp/data/covid19japan/000662630.pdf.json"
"2020-08-25","各都道府県の検査陽性者の状況(空港検疫、チャーター便案件を除く国内事例)","https://www.mhlw.go.jp/stf/newpage_13212.html","https://www.mhlw.go.jp/content/10906000/000663402.pdf","https://www.stopcovid19.jp/data/covid19japan/000663402.pdf","https://www.stopcovid19.jp/data/covid19japan/2020-08-25.csv","https://www.stopcovid19.jp/data/covid19japan/000663402.pdf.json"
"2020-08-26","各都道府県の検査陽性者の状況(空港検疫、チャーター便案件を除く国内事例)","https://www.mhlw.go.jp/stf/newpage_13239.html","https://www.mhlw.go.jp/content/10906000/000663880.pdf","https://www.stopcovid19.jp/data/covid19japan/000663880.pdf","https://www.stopcovid19.jp/data/covid19japan/2020-08-26.csv","https://www.stopcovid19.jp/data/covid19japan/000663880.pdf.json"
"2020-08-27","各都道府県の検査陽性者の状況(空港検疫、チャーター便案件を除く国内事例)","https://www.mhlw.go.jp/stf/newpage_13263.html","https://www.mhlw.go.jp/content/10906000/000664556.pdf","https://www.stopcovid19.jp/data/covid19japan/000664556.pdf","https://www.stopcovid19.jp/data/covid19japan/2020-08-27.csv","https://www.stopcovid19.jp/data/covid19japan/000664556.pdf.json"
"2020-08-28","各都道府県の検査陽性者の状況(空港検疫、チャーター便案件を除く国内事例)","https://www.mhlw.go.jp/stf/newpage_13271.html","https://www.mhlw.go.jp/content/10906000/000664885.pdf","https://www.stopcovid19.jp/data/covid19japan/000664885.pdf","https://www.stopcovid19.jp/data/covid19japan/2020-08-28.csv","https://www.stopcovid19.jp/data/covid19japan/000664885.pdf.json"
"2020-08-29","各都道府県の検査陽性者の状況(空港検疫、チャーター便案件を除く国内事例)","https://www.mhlw.go.jp/stf/newpage_13273.html","https://www.mhlw.go.jp/content/10906000/000664898.pdf","https://www.stopcovid19.jp/data/covid19japan/000664898.pdf","https://www.stopcovid19.jp/data/covid19japan/2020-08-29.csv","https://www.stopcovid19.jp/data/covid19japan/000664898.pdf.json"
"2020-08-30","各都道府県の検査陽性者の状況(空港検疫、チャーター便案件を除く国内事例)","https://www.mhlw.go.jp/stf/newpage_13292.html","https://www.mhlw.go.jp/content/10906000/000665412.pdf","https://www.stopcovid19.jp/data/covid19japan/000665412.pdf","https://www.stopcovid19.jp/data/covid19japan/2020-08-30.csv","https://www.stopcovid19.jp/data/covid19japan/000665412.pdf.json"